ticker,category,selected,rest
Maquillalia,Beauty,0.0038157644921109194,0.0029865398059729367
La Plaza de Dia,Grocery,0.08851324876107457,0.07641734302726341
Parque Warner,Entertainment,0.009364328032690182,0.008392294083914842
Wizz Air,Airlines,0.022257366030646264,0.025408388924824093
Oysho,Apparel,0.15882911166215868,0.023486978700345232
Ale-Hop,Restaurant,0.010171932039791458,0.007399792688997927
Vincci,Travel,0.005281032347233849,0.0034302201341427515
Panaria,Restaurant,0.00351565427445895,0.0019263130913734952
Financiera El Corte Ingles,Financial Services,0.5441722716027148,0.47410342518795984
Banggood,E-commerce,0.01694791666116012,0.03475448226391634
Froiz,Retail Stores,0.07621748875404247,0.05205470353861514
Aldeas infantiles,Non-Profit,0.023171072969948105,0.028449616970070136
Opencor,Financial Services,0.003375932001054233,0.003206406366786821
Linea Directa,Insurance,0.7797318605139799,0.8643465661021014
Emov,Transportation,0.016115494074403623,0.012663483141447319
Foot Locker,Apparel,0.03315641079649173,0.022931154798316613
BudgetAir,Travel,0.022065511592678392,0.02028395023909593
Wagamama,Restaurant,0.003166789112589206,0.002188588480014434
Amazon Kindle,E-commerce,0.029313160398212617,0.03147718218415712
Eurostars,Travel,0.024248920157350338,0.01769634308769836
Cinesur,Movies,0.0038473276350776135,0.00311424203534668
Gasolineras Blancas/Libres/Otras,Fuel,0.3970997839852277,0.4619082182413914
Notikumi,Events,0.004391881759150609,0.0054269965878925045
Loops&Coffee,Food,0.00022677926387960358,0.00030355544414822515
Llao llao,Restaurant,0.0025049348151585725,0.0018510729263382663
Bitiba,Fashion,0.006558897576411868,0.008371416028863297
Douglas,Beauty,0.02747897056563772,0.015727803911614567
Aqualandia,Attractions,0.0015518562166543504,0.0011652571751947236
Metro de Sevilla,Transportation,0.003968331621834487,0.004311196997048649
Energia XXI,Fuel,0.31191655125263074,0.3397665275762494
Wiggle,Sports,0.005405560694590264,0.007352929598272165
Prosegur,Security Services,0.0273224439529228,0.03383419143700603
Curenergia,Energy,0.03505676249350064,0.04730406852708889
Rib's,Restaurant,0.02284203303391468,0.022234272799142394
Norauto,Automotive,0.12095112799254705,0.12959802678712098
Sfam,Retail Stores,0.022188328818969125,0.025416306838497136
Cines Verdi,Movies,0.0017823511840108813,0.0013038549411746958
Zippy,Children,0.004091845858850152,0.0014859719948570028
Petromiralles,Fuel,0.00478909577549498,0.00919545830347904
Bioparc,Attractions,0.003467729641402259,0.002425740720913198
Kiabi,Apparel,0.1021900927369977,0.09996240639481643
Wanna,Events,0.09190964583289762,0.13315648674931851
Ayuda en accion,Non-Profit,0.013283742798664431,0.014333648963825735
Hiper Usera,Grocery,0.007351467980797778,0.008610109028965803
American Express,Financial Services,0.05255271201723466,0.06288568086784119
Neumaticos Soledad,Automotive,0.011289488521495125,0.013049147382291211
La Musa Latina,Restaurant,0.0011795010941889328,0.0006176110788170476
Rodi Motor,Automotive,0.013991688523106385,0.017122684651873717
SEUR,Logistics,0.0020622722651397122,0.0027290449290325925
Spotify,Music,0.22631313510769416,0.21460563799144677
GES Seguros,Insurance,0.02334559157257092,0.02167513755591798
Emasa,Utilities,0.005787064420544877,0.007426780118366897
Seguros Lagun Aro,Insurance,0.06276838264052705,0.0641184263368854
Amazon Digital,E-commerce,0.004691710950348052,0.0054054516836734845
Vente Privee,E-commerce,0.03903400735592724,0.02072195563241758
Paf,Gambling,0.0037331544228140683,0.009579632193964495
Bidegi,Transportation,0.052914129394539856,0.04716341508611825
RCI Banque and Services,Financial Services,0.3840803660945002,0.44332978166822357
Clarel,Beauty,0.02240312101685454,0.019611373799725263
Odeon,Entertainment,0.006599324512929825,0.00608125798016659
Ticketsport.es,Sports,0.0009163224307038838,0.0006965008066850322
Ikea,Home Goods,1.343453973094289,0.8674775913941771
Granier,Apparel,0.006617927553266687,0.0059806107345885375
Terra Natura,Attractions,0.002029297702473808,0.001619498535685272
Facsa,Utilities,0.015141923564250363,0.019165522972124743
Llamaya,Telecom,0.0009438548399587119,0.0013986262073752802
Double Agent,Apparel,0.0018878902514183299,0.0005552094406055643
App Informatica,Electronics,0.004626523852864338,0.009297312918506571
Seat,Automotive,0.008831971587246518,0.008072464873298804
UAB,Education,0.007579513232684637,0.012046352183375521
Jysk,Home Goods,0.012927176864574183,0.0099472160613314
Fismuler,Healthcare,0.004669566054164334,0.0025871407474216406
Pomodoro,Restaurant,0.008316185031741289,0.00893778066380546
RKS Footwear,Apparel,0.008873392096524843,0.0031571775753633223
Dunkin' Donuts,Restaurant,0.0004307538512288524,0.00040516365888601253
Aurgi,Retail Stores,0.024722891172239993,0.028873107459660836
La Pausa,Restaurant,0.0012747946530202185,0.001031666347563126
Punt Roma,Restaurant,0.012710415813217402,0.010423244446955951
Carrefour,Grocery,3.0255041931264963,3.016371417740847
Viajes El Corte Ingles,Travel,0.04551700955307124,0.03480831648877853
Deportes Halcon,Sports,0.0026445187270561416,0.0028085133445985623
Chubb european,Insurance,0.007117605765985401,0.009887471482811662
Bricomart,Home Goods,0.10446546600997716,0.12889241089235418
Renfe,Transportation,0.8503702479381444,0.72189763532884
Aromas,Restaurant,0.0069943386323166575,0.004406090655065084
Geox,Apparel,0.017948821755574607,0.012522416981846649
Just Eat,Fast Food,0.3089232835260786,0.38579984976689097
KFC,Fast Food,0.04536540481111113,0.057514814552094375
El Mordisco,Restaurant,0.001185866059241155,0.0007021864080151752
Aplazame,Financial Services,0.03403769496983403,0.050668548104702484
Pikolin,Home Goods,0.00583169381502437,0.006809112218657724
Perrachica,Restaurant,0.005364496480967223,0.0027255061572300544
Camper,Apparel,0.0050002704023541416,0.004889175332658194
Oculus,Gaming,0.0027529950917823923,0.005623511415787347
Carrefour Estaciones de Servicio,Fuel,0.20078382748828172,0.20610148476598034
Mac Cosmetics,Beauty,0.0027907336569484103,0.0006813780584495946
Telpark,Transportation,0.04270803819676263,0.03082131267096077
Don Canino,Pet Supplies,0.0021989041361045645,0.0023892731722639877
Financiera Española de Credito a Distancia,Financial Services,0.041224931632249814,0.0714876778766967
Autogrill,Restaurant,0.007011009281079535,0.004990679623151962
Kiko Milano,Beauty,0.013248006551402874,0.004772934829844713
La Chelinda,Restaurant,0.0034572361251200665,0.002424500733803947
Sonorama,Festivals,0.005912384633442713,0.003304328586566125
Wesmartpark,Parking,0.001531546984295989,0.0017864374169798594
atresmedia,Media,0.0006675490972544216,0.0009501455811936265
Allianz,Insurance,0.5178638245671023,0.6494713458158965
Hiperdino,Grocery,0.0818849852734671,0.08251642385610643
Supercor,Grocery,0.1815690837024241,0.1104815839572109
Lizarran,Restaurant,0.013893639240447201,0.012127989671828801
Republica Movil,Telecom,0.005673193301907823,0.009543470584994973
Hollister,Apparel,0.042092648415024136,0.022719723063864425
Homeaway,Travel,0.013012097674292617,0.009892259328896385
Guess,Apparel,0.023502863410037374,0.0100485748582547
Super Perfumerias,Beauty,0.00431620898753458,0.002493805620213052
Meetic,Dating App,0.003073856918103225,0.007602256882166224
Lacoste,Apparel,0.0022370701133191807,0.0025666996043782297
Tussam,Transportation,0.0010444204117561718,0.0014518230188821284
Silken,Travel,0.006924010669164672,0.004225117577301362
Autoeurope,Rental Cars,0.007588304227943723,0.007423438794098633
Emasagra,Utilities,0.01630640032361048,0.029210090839470713
Compralaentrada.com,Tickets,0.0012292333234956156,0.001077900803338301
Mercado Provenzal,Grocery,0.0003969411829935605,0.0004553381791057667
Botemania,Nightlife,0.014118735679925392,0.06184891356557914
Feuvert,Retail Stores,0.06630563873142287,0.0708525062887616
Catalana Occidente,Insurance,0.1720525548276852,0.24103058686598428
Kiehl's,Beauty,0.013141345786956287,0.0032052016011406845
Marionnaud,Beauty,0.005983840064352499,0.003660074268394284
Intermarche,Grocery,0.007099350683525089,0.007574801873835555
Lycamobile,Telecom,0.0014143817494624764,0.0025119554714266574
Travelgenio.es,Travel,0.04529068072407722,0.04206890338806543
Midas,Automotive,0.027586430994877377,0.026719939355209527
Chicco,Children,0.0032044171427261896,0.001725457868646739
Esso,Fuel,0.007950538467305033,0.007530586491563375
Mutua Madrileña,Insurance,0.8741782095008486,1.0417459898861854
Room Mate Hotels,Travel,0.003287988353027916,0.0022810436232220377
Gros Mercat,Grocery,0.017083309571375264,0.02372084005573796
Adolfo Dominguez,Apparel,0.01713826045506626,0.006865563049433948
Mytaxi,Transportation,0.04669266479505418,0.038813070095996154
Oferplan,Discounts,0.00682069235876746,0.006378005427165796
Macson,Apparel,0.005974079693118615,0.006044814512076626
Uniqlo,Apparel,0.03971572712016788,0.02107585567882002
Universitat Oberta Catalunya,Education,0.042598380337747,0.04807402596416132
Repsol Energia,Energy,0.011615987411508932,0.014295830279948808
Deezer,Music,0.0014449526980493275,0.002006615095254463
Cinesa,Entertainment,0.09916637104866319,0.09243689851449037
Clarks,Apparel,0.007242425650336017,0.006071762282774866
Shein,E-commerce,0.04494822821045667,0.032166663907430046
Fundacion Teaming,Non-Profit,0.004407278431702026,0.006842330670258497
Mercedes Benz,Automotive,0.03787842005325282,0.036564525863544806
Marco Aldany,Apparel,0.0228533818370589,0.012945612239986812
Som Energia,Energy,0.038191607605896655,0.05888027074425774
SMAP,Parking,0.0010873068667038395,0.0009743840012396814
K-Tuin,Retail Stores,0.0691103075905462,0.051971147487020954
La Redoute,E-commerce,0.018016881480689247,0.009010481989932744
Cepsa,Fuel,0.9004258390587078,0.898534093066312
Eroski Estaciones de Sercvicio,Fuel,0.025277710558064954,0.02543749404844313
Toys R Us,Retail Stores,0.06047183094651421,0.03830628747909262
Ubereats.com,Delivery,0.08256346647536326,0.08274271468142878
Mamma Mia,Restaurant,0.002888539226201055,0.002077336579895015
Blanco,Home Goods,0.0019396326287670768,0.0010188637294491734
Vodafone,Telecom,1.945604691098684,2.438623080834125
Habanera,Restaurant,0.004430638337131911,0.0022577861636528004
Ahorramas,Grocery,0.5989559171633163,0.5074934998763085
Santander Generales,Insurance,0.07365558688221294,0.08043885099905367
Twins,Retail Stores,0.04447169730042891,0.0460302982157355
Northweek,Apparel,0.0031068739063212897,0.003293711946314253
G Star,Apparel,0.006070873635956018,0.005117444290786067
La Mafia,Restaurant,0.010858685011500736,0.007114257515326231
Volkswagen Financial Services,Financial Services,0.9036344043139196,0.8216546873830403
Udaco,Education,0.0022844229568987967,0.0022181364008952175
Tino Gonzalez,Restaurant,0.00555912000045841,0.004834334768591915
Cashper,Financial Services,0.01874396176384134,0.04408110856622994
Intimissimi,Apparel,0.04798458718163115,0.01601328417167012
Ecooltra,Transportation,0.01886581348572894,0.017633515573681244
Guadalcesa,Utilities,0.0010189936079438937,0.001169849702326575
Merkal,Grocery,0.05017649627961041,0.0381319405333709
Reparalia,Home Improvement,0.003615636329516774,0.005309830342208781
Euskaltel,Telecom,0.09346749293636117,0.10914873180164103
Logitravel.com,Travel,0.03883759394047606,0.03365153205973288
Saba Aparcamientos,Transportation,0.010485568362797432,0.008751066119928949
Agoda.com,Travel,0.004465563194872094,0.00414497848490799
Toy Planet,Retail Stores,0.00850510084311136,0.00540106737091109
Airbnb.com,Travel,0.6443796816331337,0.493022491884572
Oxfam Interman,Non-Profit,0.020231980588464715,0.02503561522172037
La Tagliatella,Restaurant,0.13089599691348694,0.09055590461694847
Perfumerias Laguna,Beauty,0.0017092489692917205,0.0011233897047831067
Claire's,Apparel,0.00890509059337031,0.004379396629655866
Only You Hotels,Travel,0.0022640744888103013,0.0016488414309833001
Metro Barcelona,Transportation,0.12373936561240531,0.14644575105384483
Caser,Insurance,0.25564997911308707,0.29065818477904315
Auto Res,Insurance,0.006314908173117476,0.006465407287143001
Faunia,Attractions,0.0055707027857438965,0.003988204395934794
Hertz,Transportation,0.04084331340467503,0.04010741473763795
AMA Seguros,Insurance,0.0637798198968776,0.060483666708103095
Amazonico,Restaurant,0.0034421580756490958,0.002038340513219568
Spagnolo,Restaurant,0.0014915161923907327,0.0014403912485778875
PSN,Gaming,0.028180321069607533,0.022964812478817778
Alimerka,Grocery,0.14188666628140276,0.1279261911438381
Reale,Insurance,0.16380972305651384,0.2147390974672837
Aviva,Insurance,0.009466437693723712,0.010340515397548917
Top Recambios,Automotive,0.006423670708643187,0.007791712820360641
Peggy Sue's,Restaurant,0.0013545537227242742,0.001219233651375907
Steam,Gaming,0.027521231824191035,0.08235652418009953
Vitaldent,Healthcare,0.0051954959771014515,0.006638028388337441
Nautalia,Travel,0.020579604134751624,0.015397664166988147
Perfumeria If,Beauty,0.0014470857462515582,0.001028980085596779
PETuluku,Pet Supplies,0.004999574750142531,0.004938219179661107
Uber,Transportation,0.1708746050553314,0.13853360161865502
Subway,Fast Food,0.003947407549464208,0.0048217744232537186
Dormity,Home Goods,0.007297526556991773,0.007463972259409317
EDP HC Energia,Energy,0.031063917267004148,0.04218255503673185
HBO,Streaming,0.05176349669166598,0.05337729039524592
El Ganso,Apparel,0.024831842546536503,0.011838663311625848
Wish,E-commerce,0.02589467133911102,0.06254278664348112
Super Amara,Grocery,0.036799201582540214,0.01488683442548889
Chicfy,E-commerce,0.010908780389753944,0.003926396085882619
Bimba y Lola,Apparel,0.05552995878628921,0.011387893061405259
Honda Bank,Financial Services,0.06345515817428858,0.06950615461993026
Starbucks,Restaurant,0.04483437059733402,0.02880272526619342
Ibis Budget,Travel,0.005850011565861645,0.006423796854523027
Starlite,Events,0.005040577700362757,0.002780075618520932
Petit Bateau,Children,0.0029030704566760093,0.0004916532142162899
Balearia,Transportation,0.025567024803800284,0.019814994154147295
Budget,Rental Cars,0.0037851355617676036,0.0034147429846940907
Adidas,Apparel,0.10436226682919764,0.06637843593250006
Querol,Grocery,0.005100834159900594,0.00401217664750314
Condis Express,Grocery,0.005068828159018122,0.005299441461464062
La Vaca Argentina,Restaurant,0.0015159216746149866,0.0013606533653668306
Amoma.com,Travel,0.01172896164429413,0.010800020384627516
AC Hotels,Travel,0.0026013065466911674,0.0020295982249850584
Kaspersky,Cybersecurity,0.0016754144769881893,0.0023632834603936753
Paco perfumerias,Beauty,0.007613987176880979,0.004603744836160757
Sport Zone,Retail Stores,0.013746556934110919,0.009359364597575786
Sagardi,Restaurant,0.0015058385918812341,0.0012898858039690415
Caja Rural,Banking,0.04083138357688385,0.04220519303340889
Pedro del Hierro,Apparel,0.009736099023547794,0.004210743592476959
Autopista Madrid Levante,Transportation,0.0017311638230699574,0.0015584212272068724
Meroil,Fuel,0.021667570926105842,0.02242675422310565
Okeysi,Financial Services,0.0035462477254255974,0.0013209376886166794
Segurcaixa,Insurance,0.2702239253747454,0.4115637514104055
Lufthansa,Airlines,0.035207736527647665,0.03260551966077468
Lupa,Financial Services,0.10145664878679855,0.08724972421419173
Deporticket,Tickets,0.004091646132315146,0.004164424707117543
Sephora,Beauty,0.08919053084383465,0.031000112724994776
Eurest,Restaurant,0.013674408170817219,0.014109295616388124
Aegon,Insurance,0.06399129471711991,0.06605864636903477
Metro Ligero Oeste,Transportation,0.0018945371291976113,0.0018365053603221423
Filmin,Streaming,0.002181336791829399,0.0027157721315480506
Electro Depot,Electronics,0.004646000002277571,0.0075614238198646695
BBVA Consumer Finance,Financial Services,0.0954351124632608,0.1341751749137993
Neocine,Movies,0.0023657702933105947,0.0022819567522969456
CPP,Financial Services,0.001492589953313436,0.0014871480151856383
Tommy Hilfiger,Apparel,0.01986996131359438,0.015269729962447664
Promod,Apparel,0.007213454315705778,0.002449608499867242
Papizza,Restaurant,0.0018739179519806995,0.0013404623828906818
Simply,Grocery,0.28740157974547464,0.2367393970454818
Max Colchon,Home Goods,0.012047726672156506,0.009814122791961744
Calvin Klein,Apparel,0.013392339218536702,0.007905955600950807
Plus Fresc,Grocery,0.03689420173923496,0.026846153503725254
Game,Gaming,0.1618441061877058,0.2422592566005174
Euromaster,Automotive,0.006624908949929499,0.006545619669496991
El Corte Ingles Seguros,Insurance,0.02813989619078404,0.03515384699914726
Deliveroo,Delivery,0.12993257189590818,0.11309825908931054
Fnac,Retail Stores,0.28736085089057706,0.27522763460217325
Guissona,Grocery,0.0037601713747581825,0.004390432823516445
Privalia,E-commerce,0.19221264542715574,0.09788395372349953
Cinepolis,Movies,0.0013893661754346867,0.00197132680742113
NBQ Fund One,Financial Services,0.01704488518467674,0.04630779788713798
Autema,Automotive,0.0009985639237298227,0.0010080228272172278
Accesos de Madrid,Transportation,0.003458987318337935,0.0033616633484709153
Servicios Financieros Carrefour,Financial Services,0.6346829982189405,1.108926531143926
Perfumarte,Beauty,0.001345368324187306,0.0018499113765876188
Domestic & General,Insurance,0.005015398012263559,0.005498139684642558
Dreambeach,Festivals,0.003214100831450528,0.005269867153155441
Brownie,Food,0.00848643120904714,0.0017862920153440894
Verti,Insurance,0.08936356568556413,0.10534815893500957
Lefties,Apparel,0.10650254086068998,0.0562396601298697
Cines Lys,Movies,0.0011537764162885366,0.0008711798013821966
Tradicionarius,Food,0.0004029656296437834,0.0004078707235522277
Bricoking,Home Improvement,0.0019629131977079548,0.00217821255453661
Esquiades.com,Travel,0.019752421559411933,0.018577690438951366
Paco Martinez,Restaurant,0.012465586118729423,0.006185400967050065
Centauro,Sports,0.004552867144008745,0.004307219750499103
Blizzard,Gaming,0.006525093823073536,0.0170908716083678
Scalpers,Apparel,0.056403433957956904,0.030242783645046074
Ubisoft,Gaming,0.0007740807331009846,0.0030048048418787558
MasMovil,Telecom,0.1244212562738521,0.18978883762262838
Dia Market,Grocery,0.00961563013104158,0.008356635936593288
Restaurante Ikea,Restaurant,0.01990740264434407,0.01479657044135912
MarcaApuestas,Gambling,0.008202788515218424,0.006828206462665214
Tesco,Grocery,0.009223513093566926,0.009113707473506908
GM Oil,Automotive,0.014006521861410699,0.020483237240181997
Basic Fit,Fitness,0.03857926221411234,0.03090975649012942
Tryp,Travel,0.008410428034487057,0.006615263687632982
Paga+tarde,Financial Services,0.024671319418735058,0.03429937323854046
Wizink,Financial Services,0.5920976005015938,0.9823829141515988
Lebara,Telecom,0.0021443299095281433,0.0027109397687076
Legalitas,Legal Services,0.009318053668876525,0.02117287038641638
La Casa de la Carcasa,Electronics,0.008580450915951068,0.006227742112770232
Zara Home,Home Goods,0.17276923235153263,0.034077026125954674
El Arbol,Restaurant,0.07883670874146416,0.06345727260817637
Groupalia,Discounts,0.004817574452381316,0.00551128816399416
Ibis Hotels,Travel,0.01749192608676961,0.016755872303685544
Showroomprive,E-commerce,0.01047234057002961,0.00800715323222046
Perfumeria Julia,Beauty,0.0043390652321132015,0.002686951765343036
La Sirena,Restaurant,0.04004966150448886,0.03507772307255749
Abercrombie,Apparel,0.01227607795346279,0.0075866851552022245
Amazon Prime Now,Delivery,0.07148044691541901,0.06929616284869435
Massimo Dutti,Apparel,0.31112592883293533,0.0989577539311138
Virgin Active,Fitness,0.01213011406623693,0.009173399056275565
Udon,Restaurant,0.020463257196233226,0.016724376767809638
MM Globalis,Travel,0.02069471855244219,0.01973316391195346
BodyBell,Fitness,0.03458379917332873,0.02104022432208516
Mad Cool Festival,Events,0.005634226229464583,0.003520288496558004
Museo Guggenheim,Attractions,0.0017110011546471286,0.0013824612897487922
Booking.com,Travel,0.23465342920317941,0.19847221669280596
Aristocrazy,Apparel,0.010740242579691061,0.003851382008057596
Purificacion Garcia,Fashion,0.008137582156470514,0.0028863003128774987
Rodilla,Retail Stores,0.01633596654468206,0.010859895101203679
Tous,Jewelry,0.050381332911738956,0.02662379956235781
La Maquina de Chamberi,Restaurant,0.002813070907099613,0.0018394009560415538
Expedia.es,Travel,0.03531088518602982,0.031646174118547504
Oney Servicios Financieros,Financial Services,0.3356114305754504,0.4526263412262386
Pc Box,Electronics,0.0053954099109768125,0.008846257120430676
Worten,Electronics,0.0787361489444266,0.08629074131917817
NH Collection,Travel,0.00683738178843006,0.004896658707682224
Sabadell Consumer Finance,Financial Services,0.2477402236678514,0.25809783919382745
Fifty Factory,Apparel,0.03388081744541976,0.026736526824489782
Canal Isabel II,Utilities,0.20950937648435453,0.2180998018764071
Amazon Prime,Subscription Services,0.11639441543280536,0.1457659263838814
Costco,Grocery,0.12287576217417949,0.10910035625937116
Cash Lepe,Financial Services,0.023264271310395858,0.024864957759494277
Amichi,Apparel,0.007759049178825675,0.003175630262338116
Esclat,Grocery,0.08676778971485026,0.08855642195106267
JCA Cinemes,Movies,0.001257957800765898,0.0012036241867499275
Ausol,Transportation,0.014415246179060804,0.011714948279452232
Dia,Grocery,0.7391481752774369,0.7856570324417874
Uber Eats,Delivery,0.015845644557807303,0.01693417767159961
Gambrinus,Restaurant,0.006698517549684647,0.005470749741592116
Tarjeta Inditex,Loyalty,0.11756953019468308,0.06085227931863561
Lola Rey,Apparel,0.005319167260785336,0.0027525957064660103
Bijou Brigitte,Jewelry,0.01154626395373576,0.006449440234418804
Mega Calzado,Apparel,0.008714506134687938,0.004656008179593273
C&A,Apparel,0.07809161722716457,0.0866177044598403
La Cantina,Restaurant,0.0037970692951057607,0.0027657029043121955
Atmosfera Sport,Sports,0.0022763398216529298,0.001952043147427897
Audasa,Transportation,0.008781787246509933,0.00516022698640796
Toyota (SO),Automotive,0.014944439402885222,0.02066274537893803
Cajamar Caja Rural,Banking,0.019806711675408043,0.029608532424778858
Tezenis,Apparel,0.041437786568526064,0.017340619049889254
Cottet Online,Apparel,0.005590408683773377,0.004092849601704851
Mustang,Apparel,0.004101412191503603,0.0029360945923682475
Rakuten,E-commerce,0.003310422988607899,0.003500935163613116
Duty Free Dubai,Retail Stores,0.00116678553929884,0.0010775623775729202
Nails Factory,Beauty,0.011277126483607531,0.002062447696536311
Top Queens,Nightlife,0.0020425869511345104,0.0008906008346461086
Sky,Streaming,0.0009961944711001046,0.001903395718045207
DKV,Healthcare,0.10819728536590317,0.11596710293135377
Abanca,Financial Services,0.08455169727098422,0.08453507027005455
La Fonda,Restaurant,0.003427898127129028,0.002779433176808268
Kreditech,Financial Services,0.014731706323215962,0.02687412154759892
Orange,Telecom,1.422375921376323,1.9719996636282262
Vip Smart,Financial Services,0.009235866609927439,0.007092470441097474
Aguas de Alicante,Utilities,0.009456646113741087,0.014262208767623413
Melia,Travel,0.028366870646244147,0.023318216391783126
Ocaso,Insurance,0.15494957765426542,0.2683866473929293
Totto,Travel,0.0009819722689791703,0.000877063486865222
Toyota Kreditbank,Financial Services,0.18004365528617766,0.21993637837262295
BMW Financial Services,Financial Services,0.2383157760368112,0.2054229771809437
Ryanair,Travel,0.5008231803586366,0.4067526517542363
Aguas de Barcelona,Utilities,0.09368492841643564,0.10656195864484776
Cooltra,Transportation,0.004832230738982443,0.0037722591975161124
BBVA Seguros,Insurance,0.2176965349250038,0.32180674866840475
Netflix,Streaming,0.3293923314137631,0.3596936472695646
Pilar Prieto,Beauty,0.0031744555369677984,0.0030573042769442573
Opticalia,Eyewear,0.01830936257598044,0.015433394308323875
La Chalana,Restaurant,0.001756390510150444,0.0015570673894009764
Lime,Transportation,0.001795288740327194,0.0016047170564834072
Kinepolis,Entertainment,0.02771504651584435,0.02958654525348239
Costco Estacion de Servicio,Fuel,0.03716127444020116,0.04240947749914563
Rip Curl,Apparel,0.0027544995882152886,0.002061357989973762
Pepe Energy,Energy,0.031751576945625075,0.04353951448220278
Charanga,Restaurant,0.00200657036538729,0.001113625060949881
Tuc tuc,Children,0.00551602509449599,0.0016638385163613254
Iberdrola,Fuel,2.0474865089610153,2.5025122083647293
Eroski City,Grocery,0.04575147053559522,0.033969120059354777
Veritas,Healthcare,0.02909745232466637,0.027566409546566504
Eje Aeropuerto,Transportation,0.0005585172491390226,0.0004898431054536491
Acnur,Non-Profit,0.06769630690482752,0.07302173343619385
Cines El Punt,Movies,0.0009054495663034796,0.000801292738581149
Apple Store,Electronics,0.23866384312505465,0.2024342375078917
Drivy,Rental Cars,0.003261072223049316,0.004747714344598183
Mulaya,Restaurant,0.008770148430646016,0.0018877268956525534
Lucera Energia Colectiva,Energy,0.021714919817208727,0.020764900897903484
Eurekakids,Retail Stores,0.008358251313780303,0.0034623160402257012
Aumar,Grocery,0.07323821208034464,0.06311059976873888
Ginos,Restaurant,0.041954342814562784,0.031401003954366145
Sorea,Travel,0.05228300586825645,0.06294229386929698
Petit Palace,Travel,0.003580656942630654,0.002612283171169172
Nanos,Food,0.006685823686438859,0.0018430239424034008
La Nevera Roja,Restaurant,0.0034604826608238748,0.003945288490572403
IMQ,Healthcare,0.056555444954088034,0.052569381775205766
La Balear,Travel,0.0008973354532542715,0.0007834570300950318
Converse,Apparel,0.005735110323838851,0.0029526696831654593
Yelmo Cines,Entertainment,0.05411764220840881,0.050910376797224606
Arepa Ole,Restaurant,0.0006721987086875664,0.00046216229608046994
Pepephone,Telecom,0.1690159223961573,0.23656159419587436
MK2 Palacio de Hielo,Movies,0.0011881971550655155,0.0011408204412742657
Dideco,Retail Stores,0.013678190076044998,0.006153278864415139
JD Sports,Sports,0.005627396882493728,0.0037076257699547844
Instant Money,Financial Services,0.058498615439925766,0.06605628215194892
Avis,Transportation,0.05078765295129864,0.044997547613663064
4 tickets,Tickets,0.0033136087391441946,0.002719261904537592
Samsung,Electronics,0.04676708050266695,0.05327168186784883
Intel Security (McAfee),Cybersecurity,0.006019269279272597,0.008568884037059972
Bigmat,Home Improvement,0.0040592493152019765,0.00776514146431902
La sureña,Restaurant,0.0029303399281523012,0.0024515999110638572
Gocco,Restaurant,0.02430806387031542,0.003102248328044351
Parkapp,Parking,0.0007441779035306166,0.0006273721772310653
Rumbo.es,Travel,0.10052456993641627,0.07983936236299148
Alteza,Accessories,0.002420193484294152,0.0058970967429786796
Rituals,Beauty,0.033391935496163115,0.01711498482197862
Supercor Express,Grocery,0.0893491080633901,0.06016836250604166
Masymas,Grocery,0.0917153725129112,0.0739242366926954
Planeta Huerto,Garden,0.0052814225157708115,0.005025826831679813
Santagloria,Restaurant,0.006388874429853227,0.0038102949673329894
Pizzart,Restaurant,0.00047898972946860025,0.00045148437230240325
Cortefiel,Apparel,0.14542645156681971,0.08279888088972198
Fenix Directo,Insurance,0.05676645308030327,0.07719471103217974
Juanita Cruz,Apparel,0.0010870386729790564,0.0005960816354412345
Casa Ametller,Restaurant,0.08195665739520473,0.04831768333553374
Sixt,Transportation,0.04114647767096883,0.04727610396601267
Medicos sin fronteras,Non-Profit,0.046113411351837365,0.05314999509019862
Vivagym,Fitness,0.03592833668296716,0.024220513943061416
Electroprecio,Electronics,0.010676489018350955,0.009932810343680766
Unicef,Non-Profit,0.0469420703028855,0.054922597752848114
Xbox Live,Gaming,0.0024242807945035675,0.004025188098719568
Trucco,Beauty,0.0070623955646267,0.0018861708957387613
Lush,Beauty,0.016689237649499495,0.01135367820281968
Whitby,Apparel,0.0017275803987725638,0.001264310151065606
Tako Away,Delivery,0.0006877610381423344,0.0008576953813277129
Hema,Retail Stores,0.004337294876073789,0.0012806815486525796
Primavera Sound,Festivals,0.0018785056008588069,0.0013833613767802696
COS,Apparel,0.012310708393202087,0.0033775996808675015
Adamo Telecom,Telecom,0.008979574392767318,0.013803701227787854
Balumba,E-commerce,0.038961104988452476,0.04942943822088353
Alain Afflelou,Eyewear,0.013949834942818077,0.013534199867640838
Zalando,E-commerce,0.17883032677084265,0.11771477315265545
Interzoo,Pet Supplies,0.0020320320090246612,0.0018618939244643344
El Perro y la Galleta,Restaurant,0.0013208493039902941,0.0006545387719418773
Dinosol,Attractions,0.0036011363776115362,0.003132897489955493
Ole Lola,Apparel,0.0007627563697173287,0.00043581610316680865
Bershka,Apparel,0.2129073812766639,0.08098675296875721
Pelayo,Insurance,0.140578315053975,0.19128817130396641
Pizzeria Carlos,Fast Food,0.005445299310470819,0.005539789177258229
New Yorker,Apparel,0.003086430376195026,0.0035217704789544634
Primor,Retail Stores,0.14528372800516157,0.05897792572526857
KLM,Airlines,0.028149385021036775,0.026805898580292236
Hamburguesa Nostra,Restaurant,0.003377344880740281,0.0026814275120818657
Unide,Education,0.01874569667539303,0.016736581112825704
Dialprix,Telecom,0.011968443222281062,0.011464368803362462
Transferwise,Financial Services,0.07344901444905255,0.09272560762165494
Equivalenza,Financial Services,0.006816537266290509,0.005021020153726867
Bacoa,Grocery,0.0030467241139336986,0.002558044078079786
Aquona,Utilities,0.01186434959577311,0.018156142700224132
AVG,Cybersecurity,0.0013071790808160083,0.0022386227153833368
Cofidis,Financial Services,0.3169692219854819,0.5337104441110943
Record Go,Music,0.012859749271584271,0.012852806239632412
Fosters Hollywood,Entertainment,0.10641334974467896,0.10271068263812173
Punto Blanco,Apparel,0.0011666938302924469,0.0011711727022365134
AMV Hispania,Automotive,0.01809308656590223,0.025651088690249735
Muving,Transportation,0.008517703656143405,0.008754487405521039
Desigual,Apparel,0.016371803882800587,0.012674111809400595
Aucat,Fuel,0.012829993842739333,0.01124495644618035
Ulanka,Apparel,0.02484389768043936,0.008821445514508981
Zaplo,Financial Services,0.04061872377264304,0.06705721455982813
Wible,Financial Services,0.005536530970353569,0.004988351255055389
Banco Sabadell Vida,Insurance,0.06722915069018517,0.08513958355705635
Destinia.com,Travel,0.0197050017803449,0.018181422762031475
Zara,Apparel,1.918155699375698,0.0817027003380958
Bankinter Vida,Insurance,0.0361089527917358,0.036952477159347845
Levi's,Apparel,0.029206377230913558,0.023792187427771956
NH,Travel,0.033047607303687644,0.025469926494592857
Bertiz,Education,0.001177209624409391,0.0008773913712645367
Ocine,Entertainment,0.007465273632866237,0.007654251058493745
Arabat,Fashion,0.0009740556706870146,0.0008580334903261143
Luckia,Gambling,0.019576885447199266,0.029626578621962923
Volotea,Airlines,0.021209957740657003,0.013755849168020872
iTunes,Music,0.22121557983376147,0.23574517165134548
Direct Seguros,Insurance,0.1226298457708867,0.13718196842032165
ese O ese,Apparel,0.015316998008127997,0.002576357994659111
La Fabrica,Restaurant,0.006864065311362486,0.006871728484552435
Swarovski,Jewelry,0.01009295281489337,0.00755698731279867
Yoigo,Telecom,0.5837276731967785,0.7842150080465073
Central de Reservas,Travel,0.010783853132117495,0.008408158952762883
Autocine Madrid Race,Movies,0.0007799947344158776,0.0006219088850959254
Acciona Motosharing,Transportation,0.005673949334815423,0.006098978973234485
Terranova,Apparel,0.005326387372083723,0.007320953255730576
Vinoselección,Food,0.009492630412413789,0.013923868079958898
Spar,Grocery,0.1046194715341623,0.10177733250852346
Smassa,Restaurant,0.0039933279312755025,0.0025519553410686766
Calzedonia,Apparel,0.09963069696295321,0.027544428742125128
Party Fiesta,Retail Stores,0.0058274945955026245,0.002501866028437529
Napapijri,Apparel,0.0027946089472716787,0.002529711295116279
Leroy Merlin,Home Goods,0.9775105265706568,0.8723547592891013
Alliance Vending,Grocery,0.0016447752017609012,0.0018213886576703927
Avia,Airlines,0.012013705154176931,0.014379944188570772
Bicimad,Transportation,0.00879825600781411,0.007377457598386211
entradas.com,Entertainment,0.02588171237550987,0.023683383416860705
Allianz Global Assistance,Insurance,0.0038488482395662004,0.003594114501614945
Retabet,Gambling,0.00464534033596027,0.014279324771311457
Chacabuco,Restaurant,0.0017340933221582217,0.0015856431043684022
Bosque Multicines,Movies,0.0005475386278574501,0.0003917387324170939
Ciralsa,Automotive,0.0007801870126622057,0.0006779340491957344
Bicing,Transportation,0.0051222351645812325,0.005942068934133211
Flunch,Restaurant,0.0007631446511421978,0.0006186104808403496
Avast,Cybersecurity,0.003171703942355097,0.006175972492812273
Invicat,Home Goods,0.030866433269094943,0.03578120840088522
Zurich,Insurance,0.0970196587076125,0.11918402041065189
El Gran Barril,Restaurant,0.0019147771161318217,0.0017766562853940538
MasVision,Eyewear,0.010870389898949739,0.010014163684240653
EasyJet,Travel,0.08359471020944145,0.07064672075030322
Perfumerías Atalaya,Beauty,0.0016975703653193883,0.0008551109816534361
RACE,Automotive,0.021709052428777756,0.02840244161318398
Sportium,Gambling,0.026449063053168534,0.052901094051066175
Wonga,Financial Services,0.012678188985780754,0.026673510670219672
Emuasa,Utilities,0.024192738311395068,0.028221872519601215
Juteco,Restaurant,0.009673253738571837,0.005306983309356315
Poly,Retail Stores,0.007418386918592062,0.004968046843814165
Gadis,Grocery,0.07644530301311081,0.053517380716591956
Fracciona,Financial Services,0.1631839594509349,0.1930928590020812
Amovens,Transportation,0.0046114175622930745,0.00523911978405579
L'occitane,Beauty,0.006508256119675739,0.0035889051431256176
Ticketmaster,Entertainment,0.1504259239467352,0.13720492489778108
Lateral,Apparel,0.019438162703046144,0.010188427977647475
Pepper,Restaurant,0.07227020525036773,0.0938052041219041
Tartalia,Apparel,0.0005887232941161148,0.0006141018827664926
Jack&Jones,Apparel,0.0354790298301665,0.026979075653995457
Uvepan,Food,0.00039212403834880036,0.00021963340500738245
Iberia,Travel,0.4067929550689181,0.34829835695456624
Volkswagen,Automotive,0.08324445681622622,0.07824301770632129
Arag Seguros,Insurance,0.014880296455924914,0.019738451801315813
Ojala,Apparel,0.0017217977581315447,0.000794004941871466
Betway,Gambling,0.008651393258630805,0.010385534761452743
Wallapop,E-commerce,0.0761915327953419,0.11437205529094886
Firefly,Travel,0.00528306135707947,0.0073318404566190985
E.Leclerc Estaciones de servicio,Fuel,0.017584505755136773,0.018200366375502746
E.Leclerc,Grocery,0.1586130651504221,0.15603757091346218
Druni,Retail Stores,0.0919667225509426,0.0507787225467984
Avant Tarjeta,Financial Services,0.018427229222573404,0.0355876793614446
La Esquina,Restaurant,0.003916197145559171,0.0032314034548336875
Xti Store,Apparel,0.0035129263913107767,0.0022134656233932463
Don Dino,Restaurant,0.006892030880182291,0.0041967156689683115
Ace Europe,Insurance,0.003720186388904712,0.0064908447768269
Parkia,Parking,0.0010592583739023158,0.0008845891359592128
Isla Magica,Attractions,0.0026640945363639607,0.0015673434863570082
Telefonica Consumer Finance,Financial Services,0.007015527978501625,0.010677836772868004
Emivasa,Utilities,0.048288745150876555,0.04868969346046174
Dineo Credito,Financial Services,0.018860732697033502,0.03779839225700953
Cassa,Financial Services,0.00946177795437217,0.01183487147414006
El Horno,Restaurant,0.004138700704152546,0.003406475071942683
Shell,Fuel,0.11888603995868725,0.12852288969110967
Diesel,Apparel,0.035909454738317276,0.043150794795231553
Pans & Company,Fast Food,0.009886948429529292,0.009436498454598237
PC Componentes,Electronics,0.2073920119687448,0.3875078353025381
R,Apparel,0.02170527597725926,0.024602441727824723
Supersol,Grocery,0.13914984027262658,0.11559852012957003
Metro de Malaga,Transportation,0.0017477409448639408,0.002184614609669667
Pepe Jeans,Apparel,0.01871072834295492,0.009199915804039538
Deichmann,Apparel,0.023057873212783395,0.022969267795727225
Marvimundo,Entertainment,0.016405583313001116,0.009931855823700764
El Corte Ingles,Retail Stores,3.1378217609819696,2.122774500315182
El Sabroso,Restaurant,0.0011777996244363258,0.0013252118826909205
Alcampo Estacion de Servicio,Fuel,0.12065243785027119,0.137645473579623
Iberia Express,Travel,0.03541753205016757,0.02619234884057413
Generali,Insurance,0.3104267438867329,0.3860989105340529
Norton,Cybersecurity,0.004327619803515874,0.006434301469480262
BQ,Electronics,0.006827347379294066,0.008636194956565722
MediaMarkt,Electronics,0.9548715216915787,0.9698933687290134
Misako,Beauty,0.01358225900984463,0.007806699118088045
Telepizza,Fast Food,0.10094668543377167,0.10348918126331494
BMW,Automotive,0.011501967075484648,0.011010646102621221
Cetelem,Financial Services,1.0407577665031549,1.2954499889578688
Alcampo,Grocery,0.9457908720921399,0.8929605772832632
Fiatc,Automotive,0.08320600309746085,0.09521440199333567
Amnistia Internacional,Non-Profit,0.005275660843426869,0.010323903323346033
Decathlon,Sports,1.1368230138497208,0.9706091562702258
Emasesa,Utilities,0.03179410931367861,0.03377095741702297
Perfumeria Avenida,Beauty,0.003432639399412093,0.002233472135259178
Uterque,Apparel,0.03150621924322846,0.003213371672560213
Etam,Apparel,0.01870949671108543,0.007722374008287458
eDreams.com,Travel,0.17269240480215348,0.1480839209307912
Tony Roma's,Restaurant,0.00917060873186788,0.00882651508200778
Mercedes-Benz Financial Services,Financial Services,0.07879269276006057,0.07268980724076694
Telyco,Telecom,0.00493383853391578,0.004321819222683499
Kutxabank,Banking,0.11049716847884884,0.13064357339349508
Facebook,Media,0.016640782357493753,0.018524605766096165
Blablacar,Transportation,0.052931716566618645,0.04718894912625079
Go Fit,Fitness,0.04164958617572954,0.04346545776541692
Vait,Telecom,0.0019553759863294522,0.0013627591080381334
Mc Donalds,Fast Food,0.36802257421222123,0.35637288967864267
Bip Bip,Apparel,0.005555456886775099,0.005569539353381488
Duty Free,Retail Stores,0.005915131084729122,0.0044769118710029825
Hidraqua,Utilities,0.00817518118501176,0.009841829661479581
Renault,Automotive,0.01905482725483141,0.020469603687292073
Bricorama,Home Improvement,0.0040934477349209575,0.005228542352424305
Betfair,Entertainment,0.036363967213936345,0.06606269722351107
Perfumeria Prieto,Beauty,0.002949767525837768,0.0015889505811162417
Renatta&Go,Apparel,0.005792042879620585,0.0008203289488810827
Ap. Est,Transportation,0.003473376302742269,0.002200966551958429
Carglass,Automotive,0.0030944683648096638,0.0032537638053335956
Springfield,Apparel,0.2126274601061159,0.14307963787318362
Pisamonas,Restaurant,0.008281527089264646,0.0012110737526665463
Preventiva,Healthcare,0.008485767245404074,0.01583381404439574
Autoestradas de Galicia,Transportation,0.00024185508666449114,0.00019969821498245808
Juguettos,Retail Stores,0.05461510764643725,0.03458100354438241
Dinopolis,Attractions,0.0017079294953902071,0.001104454663321361
Tiger,Retail Stores,0.03530154861888093,0.016254512400938174
Bingosoft,Gambling,0.005720729245021089,0.01083997749414386
El Fornet,Restaurant,0.009864664471054704,0.006048422847271508
HolaLuz,Utilities,0.12730932302305328,0.18441920202245587
OK Rent a Car,Rental Cars,0.002765772355838399,0.0024119017036528033
Naturgy,Fuel,1.3028901577332148,1.4718489083747315
Coviran,Grocery,0.03904533723505369,0.03768599442325955
Negro-Rojo,Apparel,0.0016807654545740827,0.0011360485171042988
Zona Blava,Transportation,0.007014046070155384,0.005980936830890967
Parfois,Apparel,0.04525488363420406,0.013285815339733447
Repsol,Fuel,1.1583167465884734,1.1916343110444023
EDP,Fuel,0.41554004091246505,0.4818760157845183
Hesperia,Travel,0.007206814785079891,0.006650436134656697
Viagogo,Entertainment,0.027300895631202856,0.02125376201699718
Air France,Airlines,0.030178479073957692,0.024494807023932388
Timberland,Apparel,0.003919055736239852,0.0031635529655991037
Enjoy Wellness,Healthcare,0.007517358084606117,0.00812535013879188
Sonar,Festivals,0.0025158740170383126,0.002356798594799752
Idealista,Real Estate,0.0106840516428113,0.007252323479457621
Nostrum,Healthcare,0.006954584733528531,0.005938605846883958
Holiday Inn,Travel,0.02001842117136711,0.014541011927011543
Caixabank Consumer Finance,Financial Services,0.5314300410468086,0.598753180650636
Brasa y Leña,Restaurant,0.00454680294562274,0.004844869786949274
Mapfre,Insurance,1.4235660725359478,1.7009676955609623
Deportes Moya,Sports,0.0026656920378696266,0.002600603283446564
RACC,Automotive,0.04569115144251713,0.08042298224578051
Sundara,Beauty,0.0031875562268471607,0.0006402323842951683
Amorino,Food,0.0009828520160804063,0.0005545853943453381
Segurcaixa Adeslas,Insurance,0.3715022228897766,0.3517327760660199
Pimkie,Apparel,0.02784323391090736,0.012274788760648471
Cepsa Comercial,Fuel,0.027661847313717305,0.029730256617239985
Ilunion,Non-Profit,0.015702771743346063,0.012533647052092466
Pandora,Jewelry,0.022294549672403564,0.015937943410334443
Vips,Restaurant,0.0518504070056909,0.041224884611407955
FCA Capital,Financial Services,0.08769198291815573,0.07533237631411355
Reino Asador,Restaurant,0.002125203333965579,0.0030393184934244667
Amazon,E-commerce,5.704195886291494,6.908484212781931
Coaliment,Grocery,0.014338033027548791,0.017722426531279888
Boboli,Garden,0.005816920416295751,0.002804518509723174
Neck & Neck,Apparel,0.007979711703990424,0.0010866624691018886
Intersport,Retail Stores,0.02405502116547984,0.018460741573848315
MGS,Gaming,0.052360850976776195,0.0599694806757953
akf bank,Banking,0.03751869643066005,0.03363464815189999
Servientradas,Tickets,0.0024264169166434944,0.0021676197911649573
Venca,Apparel,0.0032525465772083283,0.00730413157296939
Smooy,Cosmetics,0.00044969165016961704,0.0004206771721542777
Audenasa,Automotive,0.0013691533293003501,0.0012136804258077855
Asisa,Insurance,0.2329029430250788,0.21415150146921663
Tyco,Security Services,0.01149128515933398,0.014186806043890271
William Hill,Gambling,0.02382872125385559,0.0432991451813423
Cabify,Transportation,0.2056542605500696,0.13668843994063293
Llongueras,Food,0.005744123550436746,0.0035660570738039014
Tripadvisor,Travel,0.01452759839144041,0.01256704890528128
Fundacion Wikimedia,Non-Profit,0.0003655930283555472,0.0005761067410440219
Sushi Shop,Restaurant,0.005094496744048304,0.0036640196206355726
Iradier Club Mujer,Apparel,0.0016372469497587777,0.0017049103490020137
Popular Servicios Fiancieros,Financial Services,0.032522483580842684,0.04403503552652405
Dentix,Healthcare,0.007081339996165363,0.007788490950460571
Viena,Restaurant,0.025928298069344876,0.02291037677129378
Deporvillage,Sports,0.01648539629592149,0.01751204213959377
Seguros Bilbao,Insurance,0.09097173379816753,0.0949183867330329
Goiko grill,Restaurant,0.01855816912419456,0.01638656028461274
voyage-prive.es,Travel,0.02023627501050971,0.014839014490928453
Tento,Retail Stores,0.00499846182914854,0.005197290622896954
AECC,Non-Profit,0.019355121615693097,0.020595372133628748
Servei Catala,Transportation,0.016703253115283978,0.01668949950114978
Terra Mitica,Attractions,0.0011635866087871222,0.0009547315371751553
Soloptical,Healthcare,0.03355920524595524,0.023590415794422767
Flormar,Beauty,0.0027524683083347736,0.0012910512265019037
Visionlab,Healthcare,0.024287030882804615,0.02305067583336056
Tuneles de Artxanda,Transportation,0.00024335608488787716,0.0001551318755740625
Mascoteros,Pet Supplies,0.004749461089151764,0.005921548066027419
Aucosta,Food,0.000602894924648566,0.0005163171826660974
Hotels.com,Travel,0.02705535676578851,0.022316405977928454
Wertgarantie,Insurance,0.0028335236835346973,0.0025044485027657885
Aliexpress,E-commerce,0.31201216241717805,0.46266657827057533
Hiperber,Grocery,0.026284568113450018,0.027590138536146794
Save the Children,Non-Profit,0.014731229730603949,0.01611006291255792
Polinesia,Restaurant,0.005868051004826713,0.0038397106800559353
Maisons du Monde,Home Goods,0.06296321828075568,0.02170288402911612
Fundacion Vicente Ferrer,Non-Profit,0.014563839833705334,0.013276532977110195
Nationale Nederlanden,Insurance,0.12863750768963542,0.14489049339341378
Zurich Vida,Insurance,0.027846533190606492,0.02752318007861106
Carhatt,Apparel,0.0036156733286128555,0.002702880901741882
Decimas,Retail Stores,0.05851703796608805,0.04197956120071379
Carhire,Rental Cars,0.008335632747112685,0.00764046591370794
New York Burger,Restaurant,0.006947426139889496,0.006809912681383065
Cañas y Tapas,Restaurant,0.001318670864723109,0.0011995967224467927
Mercadona,Grocery,8.459924116058124,7.110729557406319
Stradivarius,Apparel,0.33645376986183523,0.0812985048540692
Mientrada.net,Tickets,0.001204422324673502,0.0012261684827284318
Drim,Retail Stores,0.02433115500222651,0.01887073506992018
Aparcamientos Europeos,Parking,0.0003070876687814028,0.00015490416962666518
Celio,Apparel,0.02089705491429012,0.018544899987792116
United Colors of Benetton,Apparel,0.05583289328789374,0.019832198090660173
Coinbase,Financial Services,0.03489021530098774,0.04916614579771288
Viesgo,Fuel,0.09841873160543207,0.1368501370254826
Banak,Accessories,0.006572533682316184,0.0036980713061867225
Entradas a tu alcance,Tickets,0.005752671390486972,0.005619876045573253
Car2go,Transportation,0.019498654860810982,0.015254293836480618
Sfera,Apparel,0.07481523940532843,0.021339516798882692
Textura,Home Goods,0.0029399729902120286,0.0013901391312241287
Amazon Prime Now Marketplace,E-commerce,0.02215168374312661,0.016098634721004815
Centros Unico,Education,0.023849905375130584,0.010573543157044354
Eroski Center,Grocery,0.39806386827905754,0.2846708220578187
FCC Aqualia,Utilities,0.12168459553142846,0.15519296726950993
Interbiak,Transportation,0.008198803047082854,0.009415745291525116
Norte Hispana,Transportation,0.019639027071412983,0.03647814827252105
CCLoan,Financial Services,0.006321697860719394,0.01129848607293993
Caprabo,Grocery,0.28563819697190806,0.24592774923576574
Mercure,Travel,0.005561003796303295,0.004304778386032753
Hugo Boss,Apparel,0.0036805149087065746,0.003607789212954911
Muerde la Pasta,Restaurant,0.005171171317269802,0.0048788375220443015
Exe,Travel,0.015013354753668676,0.014211915017762913
Friking,Apparel,0.0015414547546607077,0.002102652969273824
Alsa,Transportation,0.11646613348228275,0.10931899441779332
Hidrogea,Utilities,0.014853231122388082,0.022818841949629208
Kiddy's Class,Education,0.04015568281660165,0.014818732433851125
Vivus Finance,Financial Services,0.099253920538802,0.1992436527090218
Amazon Premium,Subscription Services,0.02569094402131292,0.03045445235577623
Nyx,Beauty,0.019561119173415922,0.011972480298196884
Valecuatro,Tickets,0.0017832244112637823,0.0010348356565103843
Forum Sport,Retail Stores,0.07063472112027232,0.054106648190144074
Hiber,Telecom,0.028199228988434723,0.02499832595332007
Bwin,Entertainment,0.030582207866433155,0.056783644468276405
Vida Caixa,Insurance,0.08908814124862466,0.10752085764030289
Chocolateria Valor,Food,0.0004655985852578456,0.00036224918761144616
Aena,Transportation,0.018390040246968675,0.014435364218304275
Qwertee,Apparel,0.00143325410651648,0.005394891320509328
Conforama,Home Goods,0.12593024882177664,0.12979487547214769
Quebueno,Food,0.02050015601920469,0.047648854471647496
Aparcamientos Espolon,Parking,0.00035364896587518124,0.00020336047392175793
Holiday Gym,Fitness,0.012922524982539409,0.00931189242647047
Lidl,Grocery,1.4991176028154127,1.5157534546195377
Rakuten TV,Streaming,0.004101767994617702,0.005555347002230676
Novotel,Travel,0.017725506284092588,0.013057670677565247
Bet365,Entertainment,0.2914519119413509,0.3930687397502535
H&M,Apparel,0.5347560524093126,0.21373695663303946
Atresplayer,Streaming,0.0011693127766741974,0.0019550406420406844
Pull & Bear,Apparel,0.33632912634267825,0.12228556542997843
Taxi,Transportation,0.005733778947243061,0.004717535910009804
Codere,Gambling,0.01992869651604604,0.046275574741183996
Movelia,Travel,0.006922437434100134,0.008320699356469001
Tienda Animal,Pet Supplies,0.07038291622172742,0.07956894884820383
Empark,Parking,0.00530241196463474,0.005264219672152462
100 Montaditos,Restaurant,0.024192176535925796,0.025030318696057482
Miss Sushi,Restaurant,0.005784675595696204,0.00331890624914057
BNP Paribas Cardif,Insurance,0.00704524491402678,0.013201712239042375
Dropbox,Subscription Services,0.008476684570338225,0.0087142375671568
Okaidi,Apparel,0.011410938858223444,0.003977387288130421
Thomann,Music,0.02505367629706116,0.04138305003289555
Port Aventura,Entertainment,0.04078803415985519,0.031520675109530494
Pizza Hut,Fast Food,0.0034916224406945557,0.003669276115563684
Condis,Grocery,0.2454716933612575,0.23249058905666348
Five guys,Fast Food,0.019035736188241472,0.01478065454560494
Accessorize,Accessories,0.0017314488553625863,0.0006634700125948787
Sergio & Cano,Apparel,0.0013575817500461134,0.0008518414653282999
Solgade Online,Apparel,0.0020286621116262045,0.0012776050109573607
BSM Aparcaments,Parking,0.0007149440225416535,0.0007398018249735372
Esclatoil,Fuel,0.1053382511490365,0.1571307738729523
Sprinter,Retail Stores,0.06110922568818448,0.053176046748510584
Lowi,Retail Stores,0.11677667109486,0.1636550826355023
Juan Fornes Fornes,Food,0.007616095524208129,0.006841683807448862
Altafit,Fitness,0.01245976562053265,0.01022674858467999
Tinder,Dating App,0.002047061028415656,0.003329029908915674
Aldi,Grocery,0.5144824737375904,0.452098310077403
Mango,Apparel,0.39102774708171106,0.0823411491514289
Petrocat,Fuel,0.012707927587288862,0.012990931403408016
British Airways,Airlines,0.002673976785654908,0.0019764509247394606
WWF,Non-Profit,0.0028956564009674484,0.004238978611298739
Movistar +,Streaming,0.002758786298888019,0.003856294281207576
Movistar,Telecom,2.1674652447478673,2.6189584964250545
Zoo Aquarium Madrid,Attractions,0.005125428121184713,0.003584919170972584
Juguetilandia,Retail Stores,0.010052792613190436,0.008143783147362556
Western Union,Financial Services,0.009532276882651904,0.014056528136876502
Eroski,Grocery,0.6363029745139263,0.5813276748586585
Balthazar,Restaurant,0.0013407925316333653,0.00113515350871358
Womensecret,Apparel,0.13449417852499393,0.03613608073433594
Brico Depot,Home Goods,0.06723043430564703,0.08818437060737927
B the travel brand,Travel,0.022169990157244433,0.01854680416851696
Imaginarium,Retail Stores,0.021176375361755432,0.00814968348034083
Marypaz,Apparel,0.017974196753492804,0.008375695173231106
Deza Calidad,Grocery,0.028400110274697205,0.024586962211615552
Fenie Energia,Energy,0.07606473814309285,0.10798933958043655
Tamoil,Fuel,0.00913161709999558,0.008301396089684282
Amazon MarketPlace,E-commerce,0.2415306192938732,0.30114167574998446
FLAP,Gambling,0.0028313757180829817,0.0012666737503400896
The Good Burguer,Fast Food,0.016416436910093424,0.015700439100253937
W,Travel,0.006536435645065382,0.006490289793134944
Indalo,Travel,0.0016302382781355203,0.0016574130042201125
Jean Louis David,Beauty,0.008015253090522758,0.002940984115107465
Buffalo grill,Restaurant,0.0014204327626756103,0.0017082873256681354
Autopista Madrid Toledo,Transportation,0.00031225845741715644,0.00032955292518122936
AXA,Insurance,0.45260913240444944,0.5502865083390386
Metro Bilbao,Transportation,0.03286599089432851,0.02967989624653134
Asos,E-commerce,0.15025369864341592,0.04498360483428416
Europcar,Transportation,0.05715633806728186,0.05755261549979981
Groupon,E-commerce,0.07488730626628773,0.07029433738926384
eBay,E-commerce,0.014143122974657418,0.026366917018545
Simply Gasolinera,Fuel,0.004966232980294547,0.0040397092996059016
Amazon Buyvip,E-commerce,0.014043473587596677,0.015054487368745421
Kiwoko,Grocery,0.07898346258862203,0.0821657359642729
Multiopticas,Healthcare,0.04660976774797162,0.03742335842911378
Vadepizza,Delivery,0.001634379501879583,0.001991799341122614
PlayStation Network,Gaming,0.1332772143531384,0.1923691149467323
Vueling,Transportation,0.3937497210754616,0.30898443815935733
Axa Assistance,Insurance,0.008156649113098997,0.006089922042489251
Halcon Viajes,Travel,0.022353582119399064,0.024155985880665663
Tunels de Barcelona-Cadi,Transportation,0.00033340702268947256,0.0003571917272792286
Udemy,Education,0.0043997859703817374,0.007476885758877187
Hailo,Transportation,0.004647035525338803,0.004147846443091305
Traventia,Travel,0.008911053389015013,0.00943059369391719
Instant Gaming,Entertainment,0.009753433041754607,0.02770525758969921
BP,Fuel,0.27321677885063156,0.2672027620745574
Telecable,Telecom,0.05048371206248012,0.07777359926955435
Telepiensos,Pet Supplies,0.003546549046044306,0.0028967789215226087
Santander Seguros,Insurance,0.1486570085301756,0.15195053217970975
Ticketea,Entertainment,0.06601472925528175,0.0608478158536083
Parque de Atracciones de Madrid,Entertainment,0.01915858017750028,0.01593739852884572
Beep,Transportation,0.0033814991975877847,0.005655473869127785
Multicines Pedrosa,Movies,0.0009086930858005751,0.0007192294620005103
Autopista Madrid Sur,Transportation,0.002700686446851468,0.002702830625441377
Rentalcars,Transportation,0.045519480975560134,0.041089764059858314
Via Lactea,Attractions,0.0008867974710376594,0.000576811769784927
Divina Pastora,Restaurant,0.019016076652971708,0.02748336779191157
TGI Fridays,Restaurant,0.023341424170144984,0.02010660116788733
Babelia,Media,0.0021921593289562194,0.0013021088724996849
FCE Bank,Financial Services,0.10429240470545621,0.137984151452422
CHC Energia,Energy,0.027732129065343197,0.0408821495184271
Enterprise,Transportation,0.03998655471358231,0.04444293562737254
Bauhaus,Home Improvement,0.057256015646009246,0.0589134876728786
Shana,Apparel,0.004178446585775961,0.0028164946933262568
AP-1 Europistas,Transportation,0.008683222938272995,0.007711120536476106
Letsbonus,Loyalty,0.004036786248443108,0.0033646739045481155
Hilton,Travel,0.010691327853479312,0.007734982629152912
Accion contra el hambre,Non-Profit,0.008039937597020277,0.010173672658665856
Deliberry,Delivery,0.010933618291658013,0.006675774443635175
Raro Rare,Apparel,0.0010159688221582335,0.0003935884468981862
Amgen seguros,Insurance,0.00945837519039762,0.014557038281107328
Maskom,Cosmetics,0.0028351425793812007,0.0026832999384571988
Flip Energia,Energy,0.009639471798305864,0.010579941592424067
Bonarea,Retail Stores,0.14626451990208406,0.178028590080342
Iberpistas,Transportation,0.005670014827245432,0.005165705514375332
Pokerstars,Gambling,0.013067579810251266,0.02300968027477047
Glorias Multicines,Movies,0.0005059949064690676,0.00035908374533874
Blood Brothers,Entertainment,0.0017195483444927058,0.0014813928614829494
Carl's Jr,Fast Food,0.002609175262714616,0.0031366067236724272
Westwing,Home Goods,0.018218259392018682,0.006219796785379832
Electrodomesticos Miro,Electronics,0.00549635794558815,0.006677369380210738
Spejo's,Restaurant,0.001967693906904614,0.0016555014195512867
LAE (Loterias y Apuestas del Estado),Entertainment,0.1413280461460868,0.196118286584543
FK Donna Uomo,Apparel,0.0008363845941735434,0.0008935337865999258
Peyote,Restaurant,0.0022034855958709895,0.0008661583224249076
Zity,Transportation,0.01308783364903815,0.01345620593206689
Aucalsa,Fuel,0.015012537909794626,0.013696983087081135
Tuenti Movil,Telecom,0.012599239126781011,0.019523120660729282
Microsoft Xbox,Gaming,0.00624380189663075,0.014790280261967461
Pipa&Co,Pet Supplies,0.001816213960636974,0.0010466733773940378
Consum,Grocery,0.7130386290258764,0.6737038041180046
Hipercor,Grocery,0.17145689723463067,0.11972877952822616
RIU,Travel,0.005368400989087554,0.003455282400116578
Marieta,Jewelry,0.0013777177174592468,0.0009196304728963444
Supeco,Grocery,0.025208200443619905,0.03364647984199111
Burger King,Fast Food,0.18717976081687043,0.20774118682812576
888,Gambling,0.03654786645738655,0.057556570914957424
Serviapuestas,Gambling,0.003250604414459445,0.005711462540121678
Crocantickets,Entertainment,0.010844321425686651,0.012536983083199659
Glovo,Delivery,0.39193103053135675,0.32388742267618287
beIN Sports,Entertainment,0.008307912724671285,0.009442096387831085
Dominos Pizza,Fast Food,0.09730272715923688,0.11636547472006568
The Body Shop,Beauty,0.01499482593503018,0.007572174544034273
Oro Vivo,Jewelry,0.0055510978110555964,0.004187422076128657
Wowble,Travel,0.0002758854542710613,0.00038202872465530426
Cruz Blanca,Healthcare,0.0028881799447333938,0.002618014127886885
Goldcar,Transportation,0.053484815578506255,0.05287581125045721
TradeInn,Financial Services,0.00564345215060802,0.00505168361911923
Metlife,Insurance,0.02248103975034549,0.044106309623139134
La Oca,Restaurant,0.0024564913709963607,0.0011751021213296624
Medicos del Mundo,Non-Profit,0.006835912825832876,0.008401539237994467
McFit,Fitness,0.04402496910670553,0.040497240443765826
Helvetia,Insurance,0.06055206712067805,0.09122859424383883
Moneyman,Financial Services,0.03560367774061332,0.07625874414592491
Transavia,Airlines,0.01329306252434978,0.010272461000206429
Redentradas,Tickets,0.002285586238292044,0.0027846944926107867
The Phone House,Electronics,0.043295891701790205,0.05054234533005002
Jazztel,Telecom,0.4680451935390279,0.7192339368330661
Aparcamientos Sama,Parking,0.0012586981508341268,0.0008340156510071439
Google Play,Subscription Services,0.025349613401192225,0.05428614264696571
Super BM,Grocery,0.2626511992994327,0.1580376427700063
The Irish Rover,Restaurant,0.0022003536688801036,0.002037530022667635
Oh my cut,Beauty,0.005939546874938253,0.002048983707857253
Bonpreu,Grocery,0.2180554749045018,0.2251502591079478
New Balance,Apparel,0.013239122220352818,0.007595760283363636
Nike,Apparel,0.17308148115455443,0.10861867872376987
Pannus,Apparel,0.00040736648889774313,0.0003658504354490569
Hawkers,Apparel,0.02436508078374106,0.015853495368368515
Banco Sabadell Seguros Generales,Insurance,0.06265758924145413,0.07385126286808179
Bluemove,Transportation,0.0036565776410284437,0.004228158168484343
Simyo,Telecom,0.07795256001796644,0.13055086408893898
Verdecora,Home Goods,0.02965356396420767,0.020837587892035832
Banque PSA Finance,Financial Services,0.36681719702762433,0.3936240360686319
Alterna,Beauty,0.011748529408383399,0.015580199017524462
Krunch,Restaurant,0.002601404874038194,0.0017137131432300938
Botticelli,Restaurant,0.006073153142087039,0.0023360888100266825
Plus Ultra Seguros,Insurance,0.14749574937967247,0.17694802435577514
Sanitas,Healthcare,0.41774309379212976,0.39436055251295926
Bricor,Home Goods,0.017590188372121382,0.01731885492622574
Atrapalo.com,Travel,0.0764658886712063,0.059972606317397634
A loja do gato preto,Pet Supplies,0.014238344941542691,0.006409187708634346
Mequedouno,E-commerce,0.0076705711892112605,0.010412971020757791
Loro Parque,Attractions,0.0016579983775206974,0.0013063288540328076
Carrefour Market,Grocery,0.0842605253356282,0.0628394431552117
Disa,Fuel,0.016001285609084034,0.0203001399896418
Acesa,Transportation,0.08552163918867035,0.08612884391093444
Somnium,Home Goods,0.0029073520464082425,0.001920991119617003
Hackett,Security Services,0.0063030899405152815,0.005873415667722131
E-Park,Transportation,0.013959533750360124,0.010324574530523836
San Remo Perfumeries,Beauty,0.002948155846888676,0.0017403253358896978
Pompei,Restaurant,0.007819361549979337,0.005040567765118812
Nicoli,Accessories,0.007512401237462853,0.0008351719601340896
Muy Mucho,Retail Stores,0.010439533746673765,0.0037101644115886045
Bankinter Consumer Finance,Financial Services,0.07050289154598684,0.1305023466671778
Puma,Apparel,0.007066925802301413,0.005145742178333042
casa del libro,Retail Stores,0.03821411214730557,0.0347095461169568
Binter Canarias,Airlines,0.014053610534180113,0.010468492696554385
Cines IMF,Movies,0.0011067392315893057,0.0010235239773901932
Creditea,Financial Services,0.017702603574553073,0.03287610348566071
Zooplus,Pet Supplies,0.05889679833075713,0.072993857578186
Saras Energia,Energy,0.005628372166129659,0.007354953996660995
Vidal Tiendas,Retail Stores,0.12090592900551592,0.12907644187200296
Norwegian,Transportation,0.06345131441495283,0.05337473095321349
Pavapark,Parking,0.0011069990543174093,0.0007390937930189185
Galp,Fuel,0.12983098956016878,0.12816950819757014
UNED,Education,0.04043057866891341,0.055329149375428224
Movo,Transportation,0.0022190306902025846,0.002035195792049124
Cines ABC,Entertainment,0.004357507915501662,0.003276165413515006
Caritas,Non-Profit,0.011708796450299258,0.015098595139744387
Dockers,Apparel,0.0029201373865537284,0.0034516508581468883
Emirates,Airlines,0.016503016973345764,0.014344773695582928
Ventura24,Financial Services,0.0013803442796417305,0.0040988037220039426
Seguros Santa Lucia,Insurance,0.19096808080508298,0.33228241302616485
Greenpeace,Non-Profit,0.010163953947752638,0.015236953046600958
Makro,Grocery,0.15489655259283422,0.16955448223499298
General Optica,Healthcare,0.06285737657293797,0.04962359784927214
Telepeaje Via T,Transportation,0.0550198844648164,0.06603740799074029
Champion,Apparel,0.005538116161298536,0.006116691150130665
Carrefour Express,Grocery,0.05904765798060586,0.04145884773034169
Cruz Roja,Non-Profit,0.06494000442322359,0.09228067094402752
Parc de la Mar,Attractions,0.00043703493977399657,0.00026668486895299116
Tulotero,Entertainment,0.08841149857080827,0.1120458343089377
Taco Bell,Fast Food,0.015662116656716827,0.01847213588561454
Securitas Direct,Security Services,0.20584782125003717,0.24414325530204053
Sorli,Grocery,0.055686968888116466,0.05194813831389528
Papa John's,Fast Food,0.011179499558802292,0.012191794774448995
Bofrost,Delivery,0.012601548750400817,0.012895699607604613
Asics,Apparel,0.01820099823842628,0.01653080032394686
Ballenoil,Fuel,0.13051781698985868,0.14299226108734134
Viena capellanes,Restaurant,0.007454750623505059,0.006142785338107658
Tommy Mel's,Restaurant,0.01024668578184553,0.009984489585055841
Badoo,Dating App,0.0014059340936720714,0.0029113530386144543
Cines Renoir,Movies,0.0017990127303914873,0.0014069832109837052
Liberty Seguros,Insurance,0.36055393773588335,0.44645564668474924
Delticom,Automotive,0.004072075915740238,0.0058371456204296054
Qualitas Auto,Automotive,0.08445998068383721,0.10021933876320539
Aldro Energia,Energy,0.024981985365294744,0.031077270058559165
Endesa,Fuel,1.3796069024455153,1.6545633633551806
Metro Madrid,Transportation,0.392905995883228,0.37534808364570765
Avanza Bus,Travel,0.002737091909518127,0.0023933668319541745
Primark,Apparel,0.5543435432680408,0.39143318643697506
Disney Store,Retail Stores,0.025638368677184022,0.018860823046017057
Iati Seguros,Insurance,0.013130853910345066,0.011094925480587665
Aquopolis,Attractions,0.004672128498721625,0.0039301708526813615
Maxcoop,Grocery,0.0019203618822814222,0.002525590950175673
Wok,Restaurant,0.01668080120454963,0.020996008516287048
Yves Rocher,Beauty,0.019383410739293117,0.013638184699235693
Grupo Santander Consumer Finance,Financial Services,0.9560620105959505,1.1720435172011694
Ulabox,Delivery,0.021074839815382263,0.016327779371202188
Europ Assistance,Insurance,0.0020869645554099053,0.0019810163013267183
Air Europa,Travel,0.1001417365820207,0.08015073479149691